{"cameraMode":{"drawMode":0,"name":"Shaded","section":"Shading Mode"},"sceneLighting":true,"audioPlay":false,"sceneViewState":{"m_AlwaysRefresh":false,"showFog":true,"showSkybox":true,"showFlares":true,"showImageEffects":true,"showParticleSystems":true,"showVisualEffectGraphs":true,"m_FxEnabled":true},"in2DMode":false,"pivot":{"x":1.5028619766235352,"y":-0.3619651794433594,"z":-1.8673410415649415},"rotation":{"x":0.22272948920726777,"y":-0.3239540159702301,"z":0.07876220345497132,"w":0.9161018133163452},"size":8.715310096740723,"orthographic":false}