{"cameraMode":{"drawMode":0,"name":"Shaded","section":"Shading Mode"},"sceneLighting":true,"audioPlay":false,"sceneViewState":{"m_AlwaysRefresh":false,"showFog":true,"showSkybox":true,"showFlares":true,"showImageEffects":true,"showParticleSystems":true,"showVisualEffectGraphs":true,"m_FxEnabled":true},"in2DMode":false,"pivot":{"x":5.898962020874023,"y":-5.084465026855469,"z":3.259988784790039},"rotation":{"x":0.4062004089355469,"y":0.027956606820225717,"z":-0.012434326112270356,"w":0.9132723808288574},"size":10.055421829223633,"orthographic":false}